

<xs:schema xmlns:xs="C:/Users/Vanda/Documents/NetBeansProjects/github1/jaxp-jaxb-xsd-joadourajoaqu/lab2/Musica.xsd">

<album id="01">
   <Music>
      <singer>Newman, John</singer>
      <title>Love Me Again</title>
      <genre>Computer</genre>
   </Music>
   <Music>
      <singer>Twenty, Fingers</singer>
      <title>Tas ma usar</title>
      <genre>Computer</genre>
   </Music>
   <Music>
      <singer>Blunt, James</singer>
      <title>You are Beautiful</title>
      <genre>POP</genre>
        </Music>
</album>

